INSERT INTO `Bookitdb`.`User` (`Name`, `Is_Admin`, `Email`, `Password`, `Is_Client`)
VALUES 
('asd', 1, 'asd', '$2a$10$ElAMuNDFm4zre8Ym2toDMe3GCpC798fyY4Q1SzqaYyYsGiLhrGU1q', 0),
('qwe', 1, 'qwe', 'qwe', 1),
('Maria Garcia', 1, 'maria.garcia@example.com', 'password123', 1),
('Luis Martinez', 1, 'luis.martinez@example.com', 'password123', 1),
('Ana Rodriguez', 0, 'ana.rodriguez@example.com', 'password123', 1),
('Carlos Hernandez', 0, 'carlos.hernandez@example.com', 'password123', 1),
('Laura Lopez', 0, 'laura.lopez@example.com', 'password123', 0),
('David Gonzalez', 0, 'david.gonzalez@example.com', 'password123', 1),
('Jose Sanchez', 0, 'jose.sanchez@example.com', 'password123', 1),
('Marta Ramirez', 0, 'marta.ramirez@example.com', 'password123', 0),
('Pablo Torres', 0, 'pablo.torres@example.com', 'password123', 1),
('Lucia Flores', 0, 'lucia.flores@example.com', 'password123', 1),
('Raul Diaz', 0, 'raul.diaz@example.com', 'password123', 1),
('Elena Morales', 0, 'elena.morales@example.com', 'password123', 1),
('Javier Fernandez', 0, 'javier.fernandez@example.com', 'password123', 0),
('Sofia Gomez', 0, 'sofia.gomez@example.com', 'password123', 1),
('Pedro Suarez', 0, 'pedro.suarez@example.com', 'password123', 1),
('Lucia Fernandez', 0, 'lucia.fernandez@example.com', 'password123', 1),
('Ricardo Diaz', 0, 'ricardo.diaz@example.com', 'password123', 1),
('Carmen Morales', 0, 'carmen.morales@example.com', 'password123', 1),
('Victor Gomez', 0, 'victor.gomez@example.com', 'password123', 1),
('Rosa Torres', 0, 'rosa.torres@example.com', 'password123', 1),
('Alberto Martinez', 0, 'alberto.martinez@example.com', 'password123', 1),
('Patricia Vazquez', 0, 'patricia.vazquez@example.com', 'password123', 1),
('Francisco Navarro', 0, 'francisco.navarro@example.com', 'password123', 1),
('Sandra Romero', 0, 'sandra.romero@example.com', 'password123', 1),
('Miguel Perez', 0, 'miguel.perez@example.com', 'password123', 1),
('Silvia Gil', 0, 'silvia.gil@example.com', 'password123', 1),
('Angel Mendoza', 0, 'angel.mendoza@example.com', 'password123', 1),
('Celia Ruiz', 0, 'celia.ruiz@example.com', 'password123', 1),
('Juan Ortega', 0, 'juan.ortega@example.com', 'password123', 1),
('Natalia Flores', 0, 'natalia.flores@example.com', 'password123', 1),
('Pablo Alvarez', 0, 'pablo.alvarez@example.com', 'password123', 1),
('Andrea Jimenez', 0, 'andrea.jimenez@example.com', 'password123', 1),
('Roberto Gutierrez', 0, 'roberto.gutierrez@example.com', 'password123', 1),
('Beatriz Soto', 0, 'beatriz.soto@example.com', 'password123', 1),
('Enrique Morales', 0, 'enrique.morales@example.com', 'password123', 1),
('Isabel Ortiz', 0, 'isabel.ortiz@example.com', 'password123', 1),
('Felipe Dominguez', 0, 'felipe.dominguez@example.com', 'password123', 1),
('Lorena Hernandez', 0, 'lorena.hernandez@example.com', 'password123', 1),
('Javier Marin', 0, 'javier.marin@example.com', 'password123', 1),
('Monica Fernandez', 0, 'monica.fernandez@example.com', 'password123', 1),
('Diego Soto', 0, 'diego.soto@example.com', 'password123', 1),
('Paula Ramos', 0, 'paula.ramos@example.com', 'password123', 1),
('Adrian Castillo', 0, 'adrian.castillo@example.com', 'password123', 1),
('Marina Aguilar', 0, 'marina.aguilar@example.com', 'password123', 1);

INSERT INTO `Bookitdb`.`Restaurante` (`Restaurante_id`, `Name`, `Hora_Apertura`, `Hora_Cierre`, `User_id`, `Tipo_Restaurante`)
VALUES 
(1, 'Pizzeria Italia', '15:00:00', '23:00:00', 1, 'Pizza'),
(2, 'Sushi Master', '15:00:00', '23:00:00', 2, 'Sushi asiatica poke'),
(3, 'Taco House', '15:00:00', '23:00:00', 3, 'Mexicana'),
(4, 'Burger King', '15:00:00', '23:00:00', 4, 'Hamburguesas'),
(5, 'Vegan Delight', '15:00:00', '23:00:00', 5, 'Vegana cafe'),
(6, 'BBQ Heaven', '15:00:00', '23:00:00', 6, 'Barbacoa rapida'),
(7, 'Italian Bistro', '15:00:00', '23:00:00', 7, 'Italiana rapida'),
(8, 'Indian Spice', '15:00:00', '23:00:00', 8, 'India'),
(9, 'French Gourmet', '15:00:00', '23:00:00', 9, 'Francesa'),
(10, 'Greek Taverna', '15:00:00', '23:00:00', 10, 'Griega saludable'),
(11, 'Chinese Dragon', '15:00:00', '23:00:00', 11, 'China'),
(12, 'Seafood Paradise', '15:00:00', '23:00:00', 12, 'Mariscos'),
(13, 'Steakhouse Grill', '15:00:00', '23:00:00', 13, 'Carnes rapida'),
(14, 'Thai Garden', '15:00:00', '23:00:00', 14, 'Tailandesa'),
(15, 'Mediterranean Feast', '15:00:00', '23:00:00', 15, 'Mediterranea halal'),
(16, 'Tapas Bar', '15:00:00', '23:00:00', 16, 'Tapas'),
(17, 'Kebab Corner', '15:00:00', '23:00:00', 17, 'Kebab'),
(18, 'Curry House', '15:00:00', '23:00:00', 18, 'India'),
(19, 'Deli Sandwiches', '15:00:00', '23:00:00', 19, 'Sandwiches desayuno'),
(20, 'Waffle Wonderland', '15:00:00', '23:00:00', 20, 'Postres grocery'),
(21, 'Crepe Cafe', '15:00:00', '23:00:00', 21, 'Postres'),
(22, 'Falafel Palace', '15:00:00', '23:00:00', 22, 'Vegetariana'),
(23, 'Burger Heaven', '15:00:00', '23:00:00', 23, 'Hamburguesas rapida'),
(24, 'Pasta Palace', '15:00:00', '23:00:00', 24, 'Italiana'),
(25, 'Noodle House', '15:00:00', '23:00:00', 25, 'China'),
(26, 'Pizza Planet', '15:00:00', '23:00:00', 26, 'Pizza'),
(27, 'Ramen Republic', '15:00:00', '23:00:00', 27, 'Japonesa'),
(28, 'BBQ Barn', '15:00:00', '23:00:00', 28, 'Barbacoa'),
(29, 'Seafood Shack', '15:00:00', '23:00:00', 29, 'Mariscos'),
(30, 'Steak Supreme', '15:00:00', '23:00:00', 30, 'Carnes'),
(31, 'Salad Stop', '15:00:00', '23:00:00', 31, 'Salads'),
(32, 'Taco Town', '15:00:00', '23:00:00', 32, 'Mexicana'),
(33, 'Paella Palace', '15:00:00', '23:00:00', 33, 'Espanola'),
(34, 'Burrito Bros', '15:00:00', '23:00:00', 34, 'Mexicana'),
(35, 'Dim Sum Delight', '15:00:00', '23:00:00', 35, 'China'),
(36, 'Sushi Shack', '15:00:00', '23:00:00', 36, 'Sushi'),
(37, 'Pho Place', '15:00:00', '23:00:00', 37, 'Vietnamita'),
(38, 'Mediterranean Magic', '15:00:00', '23:00:00', 38, 'Mediterranea marisco'),
(39, 'Greek Grill', '15:00:00', '23:00:00', 39, 'Griega'),
(40, 'Brunch Bistro', '15:00:00', '23:00:00', 40, 'Brunch'),
(41, 'Gourmet Burgers', '15:00:00', '23:00:00', 41, 'Hamburguesas norteamericana'),
(42, 'Bagel Barn', '15:00:00', '23:00:00', 42, 'Bagels panaderia'),
(43, 'Samosa Spot', '15:00:00', '23:00:00', 43, 'India'),
(44, 'Shawarma Shack', '15:00:00', '23:00:00', 44, 'Shawarma hawaiana'),
(45, 'Bistro Bites', '15:00:00', '23:00:00', 45, 'Fusion');


INSERT INTO `Bookitdb`.`Mesas` (`Mesa_Id`, `Restaurante_id`, `Sillas`)
VALUES 
(1, 1, 4),
(2, 2, 6),
(3, 3, 4),
(4, 4, 2),
(5, 5, 8),
(6, 6, 6),
(7, 7, 4),
(8, 8, 6),
(9, 9, 4),
(10, 10, 2),
(11, 11, 8),
(12, 12, 6),
(13, 13, 4),
(14, 14, 2),
(15, 15, 6),
(16, 16, 4),
(17, 17, 6),
(18, 18, 4),
(19, 19, 2),
(20, 20, 8),
(21, 21, 6),
(22, 22, 4),
(23, 23, 6),
(24, 24, 4),
(25, 25, 2),
(26, 26, 8),
(27, 27, 6),
(28, 28, 4),
(29, 29, 2),
(30, 30, 6),
(31, 31, 4),
(32, 32, 6),
(33, 33, 4),
(34, 34, 2),
(35, 35, 8),
(36, 36, 6),
(37, 37, 4),
(38, 38, 2),
(39, 39, 6),
(40, 40, 4),
(41, 41, 6),
(42, 42, 4),
(43, 43, 2),
(44, 44, 8),
(45, 45, 6);


INSERT INTO `Bookitdb`.`Reservas` (`User_id`, `Date`, `Hora_Inicio`, `Hora_Final`, `Is_Accepted`, `Mesa_Id`, `Name`)
VALUES 
(1, '2024-07-01', '15:00:00', '17:00:00', 1, 1, 'Reserva Juan Perez'),
(2, '2024-07-02', '15:00:00', '17:00:00', 0, 2, 'Reserva Maria Garcia'),
(3, '2024-07-03', '16:00:00', '18:00:00', 1, 3, 'Reserva Luis Martinez'),
(4, '2024-07-04', '16:00:00', '18:00:00', 0, 4, 'Reserva Ana Rodriguez'),
(5, '2024-07-05', '17:00:00', '19:00:00', 1, 5, 'Reserva Carlos Hernandez'),
(6, '2024-07-06', '17:00:00', '19:00:00', 0, 6, 'Reserva Laura Lopez'),
(7, '2024-07-07', '18:00:00', '20:00:00', 1, 7, 'Reserva David Gonzalez'),
(8, '2024-07-08', '18:00:00', '20:00:00', 0, 8, 'Reserva Jose Sanchez'),
(9, '2024-07-09', '19:00:00', '21:00:00', 1, 9, 'Reserva Marta Ramirez'),
(10, '2024-07-10', '19:00:00', '21:00:00', 0, 10, 'Reserva Pablo Torres'),
(11, '2024-07-11', '20:00:00', '22:00:00', 1, 11, 'Reserva Lucia Flores'),
(12, '2024-07-12', '20:00:00', '22:00:00', 0, 12, 'Reserva Raul Diaz'),
(13, '2024-07-13', '21:00:00', '23:00:00', 1, 13, 'Reserva Elena Morales'),
(14, '2024-07-14', '21:00:00', '23:00:00', 0, 14, 'Reserva Javier Fernandez'),
(15, '2024-07-15', '15:00:00', '17:00:00', 1, 15, 'Reserva Sofia Gomez'),
(16, '2024-07-16', '15:00:00', '17:00:00', 1, 16, 'Reserva Pedro Suarez'),
(17, '2024-07-17', '15:00:00', '17:00:00', 0, 17, 'Reserva Lucia Fernandez'),
(18, '2024-07-18', '16:00:00', '18:00:00', 1, 18, 'Reserva Ricardo Diaz'),
(19, '2024-07-19', '16:00:00', '18:00:00', 0, 19, 'Reserva Carmen Morales'),
(20, '2024-07-20', '17:00:00', '19:00:00', 1, 20, 'Reserva Victor Gomez'),
(21, '2024-07-21', '17:00:00', '19:00:00', 0, 21, 'Reserva Rosa Torres'),
(22, '2024-07-22', '18:00:00', '20:00:00', 1, 22, 'Reserva Alberto Martinez'),
(23, '2024-07-23', '18:00:00', '20:00:00', 0, 23, 'Reserva Patricia Vazquez'),
(24, '2024-07-24', '19:00:00', '21:00:00', 1, 24, 'Reserva Francisco Navarro'),
(25, '2024-07-25', '19:00:00', '21:00:00', 0, 25, 'Reserva Sandra Romero'),
(26, '2024-07-26', '20:00:00', '22:00:00', 1, 26, 'Reserva Miguel Perez'),
(27, '2024-07-27', '20:00:00', '22:00:00', 0, 27, 'Reserva Silvia Gil'),
(28, '2024-07-28', '21:00:00', '23:00:00', 1, 28, 'Reserva Angel Mendoza'),
(29, '2024-07-29', '21:00:00', '23:00:00', 0, 29, 'Reserva Celia Ruiz'),
(30, '2024-07-30', '15:00:00', '17:00:00', 1, 30, 'Reserva Juan Ortega'),
(31, '2024-08-01', '15:00:00', '17:00:00', 0, 31, 'Reserva Natalia Flores'),
(32, '2024-08-02', '16:00:00', '18:00:00', 1, 32, 'Reserva Pablo Alvarez'),
(33, '2024-08-03', '16:00:00', '18:00:00', 0, 33, 'Reserva Andrea Jimenez'),
(34, '2024-08-04', '17:00:00', '19:00:00', 1, 34, 'Reserva Roberto Gutierrez'),
(35, '2024-08-05', '17:00:00', '19:00:00', 0, 35, 'Reserva Beatriz Soto'),
(36, '2024-08-06', '18:00:00', '20:00:00', 1, 36, 'Reserva Enrique Morales'),
(37, '2024-08-07', '18:00:00', '20:00:00', 0, 37, 'Reserva Isabel Ortiz'),
(38, '2024-08-08', '19:00:00', '21:00:00', 1, 38, 'Reserva Felipe Dominguez'),
(39, '2024-08-09', '19:00:00', '21:00:00', 0, 39, 'Reserva Lorena Hernandez'),
(40, '2024-08-10', '20:00:00', '22:00:00', 1, 40, 'Reserva Javier Marin'),
(41, '2024-08-11', '20:00:00', '22:00:00', 0, 41, 'Reserva Monica Fernandez'),
(42, '2024-08-12', '21:00:00', '23:00:00', 1, 42, 'Reserva Diego Soto'),
(43, '2024-08-13', '21:00:00', '23:00:00', 0, 43, 'Reserva Paula Ramos'),
(44, '2024-08-14', '15:00:00', '17:00:00', 1, 44, 'Reserva Adrian Castillo'),
(45, '2024-08-15', '15:00:00', '17:00:00', 0, 45, 'Reserva Marina Aguilar');

